severity,rule,file,line,message
Info,HexColors,components/expenses/vouchers/SignaturePad.tsx,26,"hex color #ffffff"
Info,HexColors,components/expenses/vouchers/SignaturePad.tsx,61,"hex color #0f172a"
Info,HexColors,components/expenses/vouchers/SignaturePad.tsx,91,"hex color #ffffff"
Info,HexColors,components/invoices/InvoicePreviewDialog.tsx,16,"hex color #ffffff"
Warning,NoToastInDataHooks,hooks/data/core/crud/useCrudMutations.ts,8,"hooks/data imports @/lib/notify (transitional — move notification to hooks/page wrapper)"
Warning,NoToastInDataHooks,hooks/data/core/crud/useCrudMutations.ts,9,"hooks/data imports @/lib/notify (transitional — move notification to hooks/page wrapper)"
Warning,NoToastInDataHooks,hooks/data/core/crud/useListQuery.ts,8,"hooks/data imports @/lib/notify (transitional — move notification to hooks/page wrapper)"
Warning,NoToastInDataHooks,hooks/data/core/crud/useListQuery.ts,9,"hooks/data imports @/lib/notify (transitional — move notification to hooks/page wrapper)"
Warning,NoToastInDataHooks,hooks/data/notifications/useNotificationActions.ts,11,"hooks/data imports @/lib/notify (transitional — move notification to hooks/page wrapper)"
Warning,NoToastInDataHooks,hooks/data/settings/app/useAppSettingsWrite.ts,9,"hooks/data imports @/lib/notify (transitional — move notification to hooks/page wrapper)"
Warning,NoToastInDataHooks,hooks/data/users/useUserManagementMutations.ts,5,"hooks/data imports @/lib/notify (transitional — move notification to hooks/page wrapper)"
Critical,CoreModV7,pages/dashboard/UserManagementPage.tsx,17,"page imports from hooks/data/* directly (non-type)"