route,role,role_allowed,perm_key,section_key,effective_allowed,access_basis,status
/beneficiary,admin,true,,,true,admin-override,ALLOWED
/beneficiary,accountant,false,,,false,denied-role,DENIED
/beneficiary,beneficiary,true,,,true,uncontrolled,ALLOWED
/beneficiary,waqif,false,,,false,denied-role,DENIED
/beneficiary/accounts,admin,true,accounts,accounts,true,admin-override,ALLOWED
/beneficiary/accounts,accountant,false,accounts,accounts,false,denied-role,DENIED
/beneficiary/accounts,beneficiary,true,accounts,accounts,true,role+permission+section,ALLOWED
/beneficiary/accounts,waqif,true,accounts,accounts,true,role+permission+section,ALLOWED
/beneficiary/annual-report,admin,true,annual_report,annual_report,true,admin-override,ALLOWED
/beneficiary/annual-report,accountant,false,annual_report,annual_report,false,denied-role,DENIED
/beneficiary/annual-report,beneficiary,true,annual_report,annual_report,true,role+permission+section,ALLOWED
/beneficiary/annual-report,waqif,true,annual_report,annual_report,true,role+permission+section,ALLOWED
/beneficiary/bylaws,admin,true,bylaws,bylaws,true,admin-override,ALLOWED
/beneficiary/bylaws,accountant,false,bylaws,bylaws,false,denied-role,DENIED
/beneficiary/bylaws,beneficiary,true,bylaws,bylaws,true,role+permission+section,ALLOWED
/beneficiary/bylaws,waqif,true,bylaws,bylaws,true,role+permission+section,ALLOWED
/beneficiary/carryforward,admin,true,carryforward,carryforward,true,admin-override,ALLOWED
/beneficiary/carryforward,accountant,false,carryforward,carryforward,false,denied-role,DENIED
/beneficiary/carryforward,beneficiary,true,carryforward,carryforward,true,role+permission+section,ALLOWED
/beneficiary/carryforward,waqif,false,carryforward,carryforward,false,denied-role,DENIED
/beneficiary/contracts,admin,true,contracts,contracts,true,admin-override,ALLOWED
/beneficiary/contracts,accountant,false,contracts,contracts,false,denied-role,DENIED
/beneficiary/contracts,beneficiary,true,contracts,contracts,true,role+permission+section,ALLOWED
/beneficiary/contracts,waqif,true,contracts,contracts,true,role+permission+section,ALLOWED
/beneficiary/disclosure,admin,true,disclosure,disclosure,true,admin-override,ALLOWED
/beneficiary/disclosure,accountant,false,disclosure,disclosure,false,denied-role,DENIED
/beneficiary/disclosure,beneficiary,true,disclosure,disclosure,true,role+permission+section,ALLOWED
/beneficiary/disclosure,waqif,false,disclosure,disclosure,false,denied-role,DENIED
/beneficiary/expenses,admin,true,expenses,expenses,true,admin-override,ALLOWED
/beneficiary/expenses,accountant,false,expenses,expenses,false,denied-role,DENIED
/beneficiary/expenses,beneficiary,true,expenses,expenses,true,role+permission+section,ALLOWED
/beneficiary/expenses,waqif,true,expenses,expenses,true,role+permission+section,ALLOWED
/beneficiary/financial-reports,admin,true,financial_reports,financial_reports,true,admin-override,ALLOWED
/beneficiary/financial-reports,accountant,false,financial_reports,financial_reports,false,denied-role,DENIED
/beneficiary/financial-reports,beneficiary,true,financial_reports,financial_reports,true,role+permission+section,ALLOWED
/beneficiary/financial-reports,waqif,true,financial_reports,financial_reports,true,role+permission+section,ALLOWED
/beneficiary/invoices,admin,true,invoices,invoices,true,admin-override,ALLOWED
/beneficiary/invoices,accountant,false,invoices,invoices,false,denied-role,DENIED
/beneficiary/invoices,beneficiary,true,invoices,invoices,true,role+permission+section,ALLOWED
/beneficiary/invoices,waqif,true,invoices,invoices,true,role+permission+section,ALLOWED
/beneficiary/messages,admin,true,messages,messages,true,admin-override,ALLOWED
/beneficiary/messages,accountant,false,messages,messages,false,denied-role,DENIED
/beneficiary/messages,beneficiary,true,messages,messages,true,role+permission+section,ALLOWED
/beneficiary/messages,waqif,false,messages,messages,false,denied-role,DENIED
/beneficiary/my-share,admin,true,share,share,true,admin-override,ALLOWED
/beneficiary/my-share,accountant,false,share,share,false,denied-role,DENIED
/beneficiary/my-share,beneficiary,true,share,share,true,role+permission+section,ALLOWED
/beneficiary/my-share,waqif,false,share,share,false,denied-role,DENIED
/beneficiary/notifications,admin,true,notifications,notifications,true,admin-override,ALLOWED
/beneficiary/notifications,accountant,false,notifications,notifications,false,denied-role,DENIED
/beneficiary/notifications,beneficiary,true,notifications,notifications,true,role+permission+section,ALLOWED
/beneficiary/notifications,waqif,false,notifications,notifications,false,denied-role,DENIED
/beneficiary/properties,admin,true,properties,properties,true,admin-override,ALLOWED
/beneficiary/properties,accountant,false,properties,properties,false,denied-role,DENIED
/beneficiary/properties,beneficiary,true,properties,properties,true,role+permission+section,ALLOWED
/beneficiary/properties,waqif,true,properties,properties,true,role+permission+section,ALLOWED
/beneficiary/settings,admin,true,,,true,admin-override,ALLOWED
/beneficiary/settings,accountant,false,,,false,denied-role,DENIED
/beneficiary/settings,beneficiary,true,,,true,uncontrolled,ALLOWED
/beneficiary/settings,waqif,true,,,true,uncontrolled,ALLOWED
/beneficiary/support,admin,true,support,support,true,admin-override,ALLOWED
/beneficiary/support,accountant,false,support,support,false,denied-role,DENIED
/beneficiary/support,beneficiary,true,support,support,true,role+permission+section,ALLOWED
/beneficiary/support,waqif,false,support,support,false,denied-role,DENIED
/dashboard,admin,true,,,true,admin-override,ALLOWED
/dashboard,accountant,true,,,true,uncontrolled,ALLOWED
/dashboard,beneficiary,false,,,false,denied-role,DENIED
/dashboard,waqif,false,,,false,denied-role,DENIED
/dashboard/accounts,admin,true,accounts,accounts,true,admin-override,ALLOWED
/dashboard/accounts,accountant,true,accounts,accounts,true,role+permission+section,ALLOWED
/dashboard/accounts,beneficiary,false,accounts,accounts,false,denied-role,DENIED
/dashboard/accounts,waqif,false,accounts,accounts,false,denied-role,DENIED
/dashboard/annual-report,admin,true,annual_report,annual_report,true,admin-override,ALLOWED
/dashboard/annual-report,accountant,true,annual_report,annual_report,true,role+permission+section,ALLOWED
/dashboard/annual-report,beneficiary,false,annual_report,annual_report,false,denied-role,DENIED
/dashboard/annual-report,waqif,false,annual_report,annual_report,false,denied-role,DENIED
/dashboard/audit-log,admin,true,audit_log,audit_log,true,admin-override,ALLOWED
/dashboard/audit-log,accountant,true,audit_log,audit_log,true,role+permission+section,ALLOWED
/dashboard/audit-log,beneficiary,false,audit_log,audit_log,false,denied-role,DENIED
/dashboard/audit-log,waqif,false,audit_log,audit_log,false,denied-role,DENIED
/dashboard/beneficiaries,admin,true,beneficiaries,beneficiaries,true,admin-override,ALLOWED
/dashboard/beneficiaries,accountant,true,beneficiaries,beneficiaries,true,role+permission+section,ALLOWED
/dashboard/beneficiaries,beneficiary,false,beneficiaries,beneficiaries,false,denied-role,DENIED
/dashboard/beneficiaries,waqif,false,beneficiaries,beneficiaries,false,denied-role,DENIED
/dashboard/bylaws,admin,true,bylaws,bylaws,true,admin-override,ALLOWED
/dashboard/bylaws,accountant,true,bylaws,bylaws,true,role+permission+section,ALLOWED
/dashboard/bylaws,beneficiary,false,bylaws,bylaws,false,denied-role,DENIED
/dashboard/bylaws,waqif,false,bylaws,bylaws,false,denied-role,DENIED
/dashboard/chart-of-accounts,admin,true,chart_of_accounts,chart_of_accounts,true,admin-override,ALLOWED
/dashboard/chart-of-accounts,accountant,true,chart_of_accounts,chart_of_accounts,true,role+permission+section,ALLOWED
/dashboard/chart-of-accounts,beneficiary,false,chart_of_accounts,chart_of_accounts,false,denied-role,DENIED
/dashboard/chart-of-accounts,waqif,false,chart_of_accounts,chart_of_accounts,false,denied-role,DENIED
/dashboard/comparison,admin,true,,comparison,true,admin-override,ALLOWED
/dashboard/comparison,accountant,false,,comparison,false,denied-role,DENIED
/dashboard/comparison,beneficiary,false,,comparison,false,denied-role,DENIED
/dashboard/comparison,waqif,false,,comparison,false,denied-role,DENIED
/dashboard/contracts,admin,true,contracts,contracts,true,admin-override,ALLOWED
/dashboard/contracts,accountant,true,contracts,contracts,true,role+permission+section,ALLOWED
/dashboard/contracts,beneficiary,false,contracts,contracts,false,denied-role,DENIED
/dashboard/contracts,waqif,false,contracts,contracts,false,denied-role,DENIED
/dashboard/diagnostics,admin,true,,diagnostics,true,admin-override,ALLOWED
/dashboard/diagnostics,accountant,false,,diagnostics,false,denied-role,DENIED
/dashboard/diagnostics,beneficiary,false,,diagnostics,false,denied-role,DENIED
/dashboard/diagnostics,waqif,false,,diagnostics,false,denied-role,DENIED
/dashboard/distributions,admin,true,accounts,accounts,true,admin-override,ALLOWED
/dashboard/distributions,accountant,true,accounts,accounts,true,role+permission+section,ALLOWED
/dashboard/distributions,beneficiary,false,accounts,accounts,false,denied-role,DENIED
/dashboard/distributions,waqif,false,accounts,accounts,false,denied-role,DENIED
/dashboard/email-monitor,admin,true,,email_monitor,true,admin-override,ALLOWED
/dashboard/email-monitor,accountant,false,,email_monitor,false,denied-role,DENIED
/dashboard/email-monitor,beneficiary,false,,email_monitor,false,denied-role,DENIED
/dashboard/email-monitor,waqif,false,,email_monitor,false,denied-role,DENIED
/dashboard/expenses,admin,true,expenses,expenses,true,admin-override,ALLOWED
/dashboard/expenses,accountant,true,expenses,expenses,true,role+permission+section,ALLOWED
/dashboard/expenses,beneficiary,false,expenses,expenses,false,denied-role,DENIED
/dashboard/expenses,waqif,false,expenses,expenses,false,denied-role,DENIED
/dashboard/income,admin,true,income,income,true,admin-override,ALLOWED
/dashboard/income,accountant,true,income,income,true,role+permission+section,ALLOWED
/dashboard/income,beneficiary,false,income,income,false,denied-role,DENIED
/dashboard/income,waqif,false,income,income,false,denied-role,DENIED
/dashboard/invoices,admin,true,invoices,invoices,true,admin-override,ALLOWED
/dashboard/invoices,accountant,true,invoices,invoices,true,role+permission+section,ALLOWED
/dashboard/invoices,beneficiary,false,invoices,invoices,false,denied-role,DENIED
/dashboard/invoices,waqif,false,invoices,invoices,false,denied-role,DENIED
/dashboard/messages,admin,true,messages,messages,true,admin-override,ALLOWED
/dashboard/messages,accountant,true,messages,messages,true,role+permission+section,ALLOWED
/dashboard/messages,beneficiary,false,messages,messages,false,denied-role,DENIED
/dashboard/messages,waqif,false,messages,messages,false,denied-role,DENIED
/dashboard/properties,admin,true,properties,properties,true,admin-override,ALLOWED
/dashboard/properties,accountant,true,properties,properties,true,role+permission+section,ALLOWED
/dashboard/properties,beneficiary,false,properties,properties,false,denied-role,DENIED
/dashboard/properties,waqif,false,properties,properties,false,denied-role,DENIED
/dashboard/reports,admin,true,reports,reports,true,admin-override,ALLOWED
/dashboard/reports,accountant,true,reports,reports,true,role+permission+section,ALLOWED
/dashboard/reports,beneficiary,false,reports,reports,false,denied-role,DENIED
/dashboard/reports,waqif,false,reports,reports,false,denied-role,DENIED
/dashboard/settings,admin,true,,settings,true,admin-override,ALLOWED
/dashboard/settings,accountant,false,,settings,false,denied-role,DENIED
/dashboard/settings,beneficiary,false,,settings,false,denied-role,DENIED
/dashboard/settings,waqif,false,,settings,false,denied-role,DENIED
/dashboard/support,admin,true,support,support,true,admin-override,ALLOWED
/dashboard/support,accountant,true,support,support,true,role+permission+section,ALLOWED
/dashboard/support,beneficiary,false,support,support,false,denied-role,DENIED
/dashboard/support,waqif,false,support,support,false,denied-role,DENIED
/dashboard/users,admin,true,,users,true,admin-override,ALLOWED
/dashboard/users,accountant,false,,users,false,denied-role,DENIED
/dashboard/users,beneficiary,false,,users,false,denied-role,DENIED
/dashboard/users,waqif,false,,users,false,denied-role,DENIED
/dashboard/zatca,admin,true,,zatca,true,admin-override,ALLOWED
/dashboard/zatca,accountant,false,,zatca,false,denied-role,DENIED
/dashboard/zatca,beneficiary,false,,zatca,false,denied-role,DENIED
/dashboard/zatca,waqif,false,,zatca,false,denied-role,DENIED
/waqif,admin,true,,,true,admin-override,ALLOWED
/waqif,accountant,false,,,false,denied-role,DENIED
/waqif,beneficiary,false,,,false,denied-role,DENIED
/waqif,waqif,true,,,true,uncontrolled,ALLOWED
